case_id,family,subject,batch,split,reference_target,reference_profile,required_measurements,engine,stimulus
D01A,Drums,Bass drum / anchor,First 32,Development,Fischer hardware sample,,Pitch trajectory; early/body energy; decay,,BD alone at the documented reference setting. Preserve the full tail. Measure dry audio at original gain and a separate level-matched copy. Record source filename and any pair selector.
D01B,Drums,Bass drum / variation,Holdout 20,Holdout,Second documented hardware setting,,Pitch trajectory; early/body energy; decay,,"Reserve an unseen documented setting or strike from a qualifying corpus. Seal the exact file and control vector before tuning. If unavailable, leave this case unscored."
D02A,Drums,Snare / anchor,First 32,Development,Fischer hardware sample,,Body/noise balance; attack; noise decay,,SD alone at the documented reference setting. Preserve the full tail. Measure dry audio at original gain and a separate level-matched copy. Record source filename and any pair selector.
D02B,Drums,Snare / variation,Holdout 20,Holdout,Second documented hardware setting,,Body/noise balance; attack; noise decay,,"Reserve an unseen documented setting or strike from a qualifying corpus. Seal the exact file and control vector before tuning. If unavailable, leave this case unscored."
D03A,Drums,Low tom / anchor,First 32,Development,Fischer hardware sample,,Pitch drop; body spectrum; decay,,LT alone at the documented reference setting. Preserve the full tail. Measure dry audio at original gain and a separate level-matched copy. Record source filename and any pair selector.
D03B,Drums,Low tom / variation,Expansion 48,Development,Second documented hardware setting,,Pitch drop; body spectrum; decay,,Choose a second documented knob setting or independently recorded strike. Use actual source settings; do not invent hardware accent behavior by scaling one WAV. Missing source stays unscored.
D04A,Drums,Low conga / anchor,First 32,Development,Fischer hardware sample,,Pitch; body spectrum; decay,,LC alone at the documented reference setting. Preserve the full tail. Measure dry audio at original gain and a separate level-matched copy. Record source filename and any pair selector.
D04B,Drums,Low conga / variation,Expansion 48,Development,Second documented hardware setting,,Pitch; body spectrum; decay,,Choose a second documented knob setting or independently recorded strike. Use actual source settings; do not invent hardware accent behavior by scaling one WAV. Missing source stays unscored.
D05A,Drums,Mid tom / anchor,First 32,Development,Fischer hardware sample,,Pitch drop; body spectrum; decay,,MT alone at the documented reference setting. Preserve the full tail. Measure dry audio at original gain and a separate level-matched copy. Record source filename and any pair selector.
D05B,Drums,Mid tom / variation,Expansion 48,Development,Second documented hardware setting,,Pitch drop; body spectrum; decay,,Choose a second documented knob setting or independently recorded strike. Use actual source settings; do not invent hardware accent behavior by scaling one WAV. Missing source stays unscored.
D06A,Drums,Mid conga / anchor,First 32,Development,Fischer hardware sample,,Pitch; body spectrum; decay,,MC alone at the documented reference setting. Preserve the full tail. Measure dry audio at original gain and a separate level-matched copy. Record source filename and any pair selector.
D06B,Drums,Mid conga / variation,Expansion 48,Development,Second documented hardware setting,,Pitch; body spectrum; decay,,Choose a second documented knob setting or independently recorded strike. Use actual source settings; do not invent hardware accent behavior by scaling one WAV. Missing source stays unscored.
D07A,Drums,High tom / anchor,First 32,Development,Fischer hardware sample,,Pitch drop; body spectrum; decay,,HT alone at the documented reference setting. Preserve the full tail. Measure dry audio at original gain and a separate level-matched copy. Record source filename and any pair selector.
D07B,Drums,High tom / variation,Holdout 20,Holdout,Second documented hardware setting,,Pitch drop; body spectrum; decay,,"Reserve an unseen documented setting or strike from a qualifying corpus. Seal the exact file and control vector before tuning. If unavailable, leave this case unscored."
D08A,Drums,High conga / anchor,First 32,Development,Fischer hardware sample,,Pitch; body spectrum; decay,,HC alone at the documented reference setting. Preserve the full tail. Measure dry audio at original gain and a separate level-matched copy. Record source filename and any pair selector.
D08B,Drums,High conga / variation,Holdout 20,Holdout,Second documented hardware setting,,Pitch; body spectrum; decay,,"Reserve an unseen documented setting or strike from a qualifying corpus. Seal the exact file and control vector before tuning. If unavailable, leave this case unscored."
D09A,Drums,Claves / anchor,First 32,Development,Fischer hardware sample,,Pitch; attack duration; tail decay,,CL alone at the documented reference setting. Preserve the full tail. Measure dry audio at original gain and a separate level-matched copy. Record source filename and any pair selector.
D09B,Drums,Claves / variation,Holdout 20,Holdout,Second documented hardware setting,,Pitch; attack duration; tail decay,,"Reserve an unseen documented setting or strike from a qualifying corpus. Seal the exact file and control vector before tuning. If unavailable, leave this case unscored."
D10A,Drums,Rimshot / anchor,First 32,Development,Fischer hardware sample,,Partial balance; attack; tail decay,,RS alone at the documented reference setting. Preserve the full tail. Measure dry audio at original gain and a separate level-matched copy. Record source filename and any pair selector.
D10B,Drums,Rimshot / variation,Expansion 48,Development,Second documented hardware setting,,Partial balance; attack; tail decay,,Choose a second documented knob setting or independently recorded strike. Use actual source settings; do not invent hardware accent behavior by scaling one WAV. Missing source stays unscored.
D11A,Drums,Maracas / anchor,First 32,Development,Fischer hardware sample,,Rise time; band energy; decay,,MA alone at the documented reference setting. Preserve the full tail. Measure dry audio at original gain and a separate level-matched copy. Record source filename and any pair selector.
D11B,Drums,Maracas / variation,Expansion 48,Development,Second documented hardware setting,,Rise time; band energy; decay,,Choose a second documented knob setting or independently recorded strike. Use actual source settings; do not invent hardware accent behavior by scaling one WAV. Missing source stays unscored.
D12A,Drums,Clap / anchor,First 32,Development,Fischer hardware sample,,Burst timing; burst/tail ratio; decay,,CP alone at the documented reference setting. Preserve the full tail. Measure dry audio at original gain and a separate level-matched copy. Record source filename and any pair selector.
D12B,Drums,Clap / variation,Expansion 48,Development,Second documented hardware setting,,Burst timing; burst/tail ratio; decay,,Choose a second documented knob setting or independently recorded strike. Use actual source settings; do not invent hardware accent behavior by scaling one WAV. Missing source stays unscored.
D13A,Drums,Cowbell / anchor,First 32,Development,Fischer hardware sample,,Partial balance; unwanted difference tone; decay,,CB alone at the documented reference setting. Preserve the full tail. Measure dry audio at original gain and a separate level-matched copy. Record source filename and any pair selector.
D13B,Drums,Cowbell / variation,Holdout 20,Holdout,Second documented hardware setting,,Partial balance; unwanted difference tone; decay,,"Reserve an unseen documented setting or strike from a qualifying corpus. Seal the exact file and control vector before tuning. If unavailable, leave this case unscored."
D14A,Drums,Cymbal / anchor,First 32,Development,Fischer hardware sample,,Band energy; band decay; total decay,,CY alone at the documented reference setting. Preserve the full tail. Measure dry audio at original gain and a separate level-matched copy. Record source filename and any pair selector.
D14B,Drums,Cymbal / variation,Expansion 48,Development,Second documented hardware setting,,Band energy; band decay; total decay,,Choose a second documented knob setting or independently recorded strike. Use actual source settings; do not invent hardware accent behavior by scaling one WAV. Missing source stays unscored.
D15A,Drums,Open hat / anchor,First 32,Development,Fischer hardware sample,,Band energy; attack; decay,,OH alone at the documented reference setting. Preserve the full tail. Measure dry audio at original gain and a separate level-matched copy. Record source filename and any pair selector.
D15B,Drums,Open hat / variation,Holdout 20,Holdout,Second documented hardware setting,,Band energy; attack; decay,,"Reserve an unseen documented setting or strike from a qualifying corpus. Seal the exact file and control vector before tuning. If unavailable, leave this case unscored."
D16A,Drums,Closed hat / anchor,First 32,Development,Fischer hardware sample,,Band energy; attack; decay,,CH alone at the documented reference setting. Preserve the full tail. Measure dry audio at original gain and a separate level-matched copy. Record source filename and any pair selector.
D16B,Drums,Closed hat / variation,Holdout 20,Holdout,Second documented hardware setting,,Band energy; attack; decay,,"Reserve an unseen documented setting or strike from a qualifying corpus. Seal the exact file and control vector before tuning. If unavailable, leave this case unscored."
M1A,Mono,Round bass / anchor,First 32,Development,Mini V3; Model D cross-check,,Fundamental/harmonics; envelope; bass level,,"Base MIDI note 36. Single saw plus a quieter octave oscillator; low resonance; short filter envelope. Dry 4–8 s phrase plus complete release. Match measured pitch/cutoff and envelope timing, not normalized knob positions."
M1B,Mono,Round bass / lower / darker,Expansion 48,Development,Mini V3; Model D cross-check,,Fundamental/harmonics; envelope; bass level,,"Base MIDI note 24. Single saw plus a quieter octave oscillator; low resonance; short filter envelope. Dry 4–8 s phrase plus complete release. Match measured pitch/cutoff and envelope timing, not normalized knob positions."
M1C,Mono,Round bass / higher / brighter,Expansion 48,Development,Mini V3; Model D cross-check,,Fundamental/harmonics; envelope; bass level,,"Base MIDI note 48. Single saw plus a quieter octave oscillator; low resonance; short filter envelope. Dry 4–8 s phrase plus complete release. Match measured pitch/cutoff and envelope timing, not normalized knob positions."
M1D,Mono,Round bass / new gesture,Holdout 20,Holdout,Mini V3; Model D cross-check,,Fundamental/harmonics; envelope; bass level,,Reserve unseen note/control trajectories within this family. Fix the mapping before tuning; reveal detailed results only at a release evaluation.
M2A,Mono,Driven bass / anchor,First 32,Development,Mini V3; Model D cross-check,,Bass retention; harmonic distribution; envelope,,"Base MIDI note 36. Three oscillators at fixed offsets; raise mixer drive at a fixed output level. Dry 4–8 s phrase plus complete release. Match measured pitch/cutoff and envelope timing, not normalized knob positions."
M2B,Mono,Driven bass / lower / darker,Expansion 48,Development,Mini V3; Model D cross-check,,Bass retention; harmonic distribution; envelope,,"Base MIDI note 24. Three oscillators at fixed offsets; raise mixer drive at a fixed output level. Dry 4–8 s phrase plus complete release. Match measured pitch/cutoff and envelope timing, not normalized knob positions."
M2C,Mono,Driven bass / higher / brighter,Expansion 48,Development,Mini V3; Model D cross-check,,Bass retention; harmonic distribution; envelope,,"Base MIDI note 48. Three oscillators at fixed offsets; raise mixer drive at a fixed output level. Dry 4–8 s phrase plus complete release. Match measured pitch/cutoff and envelope timing, not normalized knob positions."
M2D,Mono,Driven bass / new gesture,Expansion 48,Development,Mini V3; Model D cross-check,,Bass retention; harmonic distribution; envelope,,"Base MIDI note 36. Three oscillators at fixed offsets; raise mixer drive at a fixed output level. Dry 4–8 s phrase plus complete release. Match measured pitch/cutoff and envelope timing, not normalized knob positions."
M3A,Mono,Pluck bass / anchor,First 32,Development,Mini V3; Model D cross-check,,Attack; pitch; decay,,"Base MIDI note 43. Short amp and filter envelopes; two octaves of staccato notes. Dry 4–8 s phrase plus complete release. Match measured pitch/cutoff and envelope timing, not normalized knob positions."
M3B,Mono,Pluck bass / lower / darker,Expansion 48,Development,Mini V3; Model D cross-check,,Attack; pitch; decay,,"Base MIDI note 31. Short amp and filter envelopes; two octaves of staccato notes. Dry 4–8 s phrase plus complete release. Match measured pitch/cutoff and envelope timing, not normalized knob positions."
M3C,Mono,Pluck bass / higher / brighter,Expansion 48,Development,Mini V3; Model D cross-check,,Attack; pitch; decay,,"Base MIDI note 55. Short amp and filter envelopes; two octaves of staccato notes. Dry 4–8 s phrase plus complete release. Match measured pitch/cutoff and envelope timing, not normalized knob positions."
M3D,Mono,Pluck bass / new gesture,Holdout 20,Holdout,Mini V3; Model D cross-check,,Attack; pitch; decay,,Reserve unseen note/control trajectories within this family. Fix the mapping before tuning; reveal detailed results only at a release evaluation.
M4A,Mono,Legato lead / anchor,First 32,Development,Mini V3; Model D cross-check,,Pitch/glide trajectory; envelope; timbre,,"Base MIDI note 60. Overlapping notes with glide, then separated notes using the declared retrigger rule. Dry 4–8 s phrase plus complete release. Match measured pitch/cutoff and envelope timing, not normalized knob positions."
M4B,Mono,Legato lead / lower / darker,Expansion 48,Development,Mini V3; Model D cross-check,,Pitch/glide trajectory; envelope; timbre,,"Base MIDI note 48. Overlapping notes with glide, then separated notes using the declared retrigger rule. Dry 4–8 s phrase plus complete release. Match measured pitch/cutoff and envelope timing, not normalized knob positions."
M4C,Mono,Legato lead / higher / brighter,Expansion 48,Development,Mini V3; Model D cross-check,,Pitch/glide trajectory; envelope; timbre,,"Base MIDI note 72. Overlapping notes with glide, then separated notes using the declared retrigger rule. Dry 4–8 s phrase plus complete release. Match measured pitch/cutoff and envelope timing, not normalized knob positions."
M4D,Mono,Legato lead / new gesture,Expansion 48,Development,Mini V3; Model D cross-check,,Pitch/glide trajectory; envelope; timbre,,"Base MIDI note 60. Overlapping notes with glide, then separated notes using the declared retrigger rule. Dry 4–8 s phrase plus complete release. Match measured pitch/cutoff and envelope timing, not normalized knob positions."
M5A,Mono,Bright high lead / anchor,First 32,Development,Mini V3 3.12 software reference,,Pitch; Harmonic shape; Foldback energy; Envelope attack; Envelope release; Gain; Clipping,,"MIDI 84 and 96; saw and pulse in separate segments; 6.2 s note phrase plus complete release. Frozen raw Mini V3 audio is a software-synth reference, not a physical Minimoog. Filter remains at maximum and its effective frequency is recorded from a repeatable self-oscillation calibration; compare measured envelope, raw gain, harmonic shape and predicted above-Nyquist alias energy without normalization."
M5B,Mono,Bright high lead / lower / darker,Expansion 48,Development,Mini V3 3.12 software reference,,Pitch; harmonic shape; foldback energy; measured envelope mapping,,"MIDI 72 base and MIDI 84 high-note check; saw and pulse in separate segments; each 4.6 s phrase plus 2.9 s release. Frozen raw Mini V3 audio is a software-synth reference, not a physical Minimoog. Filter open position is calibrated by repeated self-oscillation; MIDI pitch, oscillator range, envelope timing and raw gain are measured, not inferred from normalized knob positions."
M5C,Mono,Bright high lead / higher / brighter,Expansion 48,Development,Mini V3; Model D cross-check,,Pitch; harmonic shape; foldback energy,,"Base MIDI note 96. Open filter; saw and pulse tested in separate segments; include high notes. Dry 4–8 s phrase plus complete release. Match measured pitch/cutoff and envelope timing, not normalized knob positions."
M5D,Mono,Bright high lead / new gesture,Holdout 20,Holdout,Mini V3; Model D cross-check,,Pitch; harmonic shape; foldback energy,,Reserve unseen note/control trajectories within this family. Fix the mapping before tuning; reveal detailed results only at a release evaluation.
M6A,Mono,Resonant pluck / anchor,First 32,Development,Mini V3; Model D cross-check,,Resonance trajectory; envelope; residual tail,,"Base MIDI note 55. Resonant filter envelope; repeat with silence long enough to check release. Dry 4–8 s phrase plus complete release. Match measured pitch/cutoff and envelope timing, not normalized knob positions."
M6B,Mono,Resonant pluck / lower / darker,Expansion 48,Development,Mini V3; Model D cross-check,,Resonance trajectory; envelope; residual tail,,"Base MIDI note 43. Resonant filter envelope; repeat with silence long enough to check release. Dry 4–8 s phrase plus complete release. Match measured pitch/cutoff and envelope timing, not normalized knob positions."
M6C,Mono,Resonant pluck / higher / brighter,Expansion 48,Development,Mini V3; Model D cross-check,,Resonance trajectory; envelope; residual tail,,"Base MIDI note 67. Resonant filter envelope; repeat with silence long enough to check release. Dry 4–8 s phrase plus complete release. Match measured pitch/cutoff and envelope timing, not normalized knob positions."
M6D,Mono,Resonant pluck / new gesture,Expansion 48,Development,Mini V3; Model D cross-check,,Resonance trajectory; envelope; residual tail,,"Base MIDI note 55. Resonant filter envelope; repeat with silence long enough to check release. Dry 4–8 s phrase plus complete release. Match measured pitch/cutoff and envelope timing, not normalized knob positions."
M7A,Mono,Noise percussion / anchor,First 32,Development,Mini V3; Model D cross-check,,Spectral bands; rise/decay; noise statistics,,"Base MIDI note 60. Noise through the ladder with a short envelope. Keep oscillator sources silent. Dry 4–8 s phrase plus complete release. Match measured pitch/cutoff and envelope timing, not normalized knob positions."
M7B,Mono,Noise percussion / lower / darker,Expansion 48,Development,Mini V3; Model D cross-check,,Spectral bands; rise/decay; noise statistics,,"Base MIDI note 48. Noise through the ladder with a short envelope. Keep oscillator sources silent. Dry 4–8 s phrase plus complete release. Match measured pitch/cutoff and envelope timing, not normalized knob positions."
M7C,Mono,Noise percussion / higher / brighter,Expansion 48,Development,Mini V3; Model D cross-check,,Spectral bands; rise/decay; noise statistics,,"Base MIDI note 72. Noise through the ladder with a short envelope. Keep oscillator sources silent. Dry 4–8 s phrase plus complete release. Match measured pitch/cutoff and envelope timing, not normalized knob positions."
M7D,Mono,Noise percussion / new gesture,Holdout 20,Holdout,Mini V3; Model D cross-check,,Spectral bands; rise/decay; noise statistics,,Reserve unseen note/control trajectories within this family. Fix the mapping before tuning; reveal detailed results only at a release evaluation.
M8A,Mono,Oscillator-3 modulation / anchor,First 32,Development,Mini V3; Model D cross-check,,Modulation rate/depth; sidebands; envelope,,"Base MIDI note 60. Fixed carrier pitch and repeatable oscillator-3 modulation; fixed wheel trajectory. Dry 4–8 s phrase plus complete release. Match measured pitch/cutoff and envelope timing, not normalized knob positions."
M8B,Mono,Oscillator-3 modulation / lower / darker,Expansion 48,Development,Mini V3; Model D cross-check,,Modulation rate/depth; sidebands; envelope,,"Base MIDI note 48. Fixed carrier pitch and repeatable oscillator-3 modulation; fixed wheel trajectory. Dry 4–8 s phrase plus complete release. Match measured pitch/cutoff and envelope timing, not normalized knob positions."
M8C,Mono,Oscillator-3 modulation / higher / brighter,Expansion 48,Development,Mini V3; Model D cross-check,,Modulation rate/depth; sidebands; envelope,,"Base MIDI note 72. Fixed carrier pitch and repeatable oscillator-3 modulation; fixed wheel trajectory. Dry 4–8 s phrase plus complete release. Match measured pitch/cutoff and envelope timing, not normalized knob positions."
M8D,Mono,Oscillator-3 modulation / new gesture,Expansion 48,Development,Mini V3; Model D cross-check,,Modulation rate/depth; sidebands; envelope,,"Base MIDI note 60. Fixed carrier pitch and repeatable oscillator-3 modulation; fixed wheel trajectory. Dry 4–8 s phrase plus complete release. Match measured pitch/cutoff and envelope timing, not normalized knob positions."
F1A,Filters,Cutoff response / low,First 32,Development,Surge Type 2 / qualified path,,Corner frequency; low-band gain; rolloff,,"Low-level stepped tones at resonance zero; compare identical input through both filter paths. Nominal cutoff region 250 Hz, verified by measurement. A second qualified emulation is a cross-check, not a pooled target."
F1B,Filters,Cutoff response / mid,Expansion 48,Development,Surge Type 2 / qualified path,,Corner frequency; low-band gain; rolloff,,"Low-level stepped tones at resonance zero; compare identical input through both filter paths. Nominal cutoff region 1000 Hz, verified by measurement. A second qualified emulation is a cross-check, not a pooled target."
F1C,Filters,Cutoff response / high,Expansion 48,Development,Surge Type 2 / qualified path,,Corner frequency; low-band gain; rolloff,,"Low-level stepped tones at resonance zero; compare identical input through both filter paths. Nominal cutoff region 4000 Hz, verified by measurement. A second qualified emulation is a cross-check, not a pooled target."
F1D,Filters,Cutoff response / new setting,Holdout 20,Holdout,Surge Type 2 / qualified path,,Corner frequency; low-band gain; rolloff,,Seal an unseen cutoff/resonance/drive trajectory. Use the calibrated mapping unchanged.
F2A,Filters,Resonance / bass / low,First 32,Development,Surge Type 2 / qualified path,,Bass loss; peak frequency; peak gain,,"Fixed bass-rich input and measured cutoff; sweep resonance without output normalization. Nominal cutoff region 250 Hz, verified by measurement. A second qualified emulation is a cross-check, not a pooled target."
F2B,Filters,Resonance / bass / mid,Expansion 48,Development,Surge Type 2 / qualified path,,Bass loss; peak frequency; peak gain,,"Fixed bass-rich input and measured cutoff; sweep resonance without output normalization. Nominal cutoff region 1000 Hz, verified by measurement. A second qualified emulation is a cross-check, not a pooled target."
F2C,Filters,Resonance / bass / high,Expansion 48,Development,Surge Type 2 / qualified path,,Bass loss; peak frequency; peak gain,,"Fixed bass-rich input and measured cutoff; sweep resonance without output normalization. Nominal cutoff region 4000 Hz, verified by measurement. A second qualified emulation is a cross-check, not a pooled target."
F2D,Filters,Resonance / bass / new setting,Holdout 20,Holdout,Surge Type 2 / qualified path,,Bass loss; peak frequency; peak gain,,Seal an unseen cutoff/resonance/drive trajectory. Use the calibrated mapping unchanged.
F3A,Filters,Mixer / filter drive / low,First 32,Development,Surge Type 2 / qualified path,,Harmonic ratios; compression; DC,,"Fixed sinusoid and multitone at three stated input levels; separate mixer drive from output gain. Nominal cutoff region 250 Hz, verified by measurement. A second qualified emulation is a cross-check, not a pooled target."
F3B,Filters,Mixer / filter drive / mid,Expansion 48,Development,Surge Type 2 / qualified path,,Harmonic ratios; compression; DC,,"Fixed sinusoid and multitone at three stated input levels; separate mixer drive from output gain. Nominal cutoff region 1000 Hz, verified by measurement. A second qualified emulation is a cross-check, not a pooled target."
F3C,Filters,Mixer / filter drive / high,Expansion 48,Development,Surge Type 2 / qualified path,,Harmonic ratios; compression; DC,,"Fixed sinusoid and multitone at three stated input levels; separate mixer drive from output gain. Nominal cutoff region 4000 Hz, verified by measurement. A second qualified emulation is a cross-check, not a pooled target."
F3D,Filters,Mixer / filter drive / new setting,Holdout 20,Holdout,Surge Type 2 / qualified path,,Harmonic ratios; compression; DC,,Seal an unseen cutoff/resonance/drive trajectory. Use the calibrated mapping unchanged.
F4A,Filters,Self oscillation / low,Expansion 48,Development,Surge Type 2 / qualified path,,Frequency tracking; spectrum; stability,,"Excite then remove input, measure steady self oscillation. VCA note-off is checked separately in Release. Nominal cutoff region 250 Hz, verified by measurement. A second qualified emulation is a cross-check, not a pooled target."
F4B,Filters,Self oscillation / mid,Expansion 48,Development,Surge Type 2 / qualified path,,Frequency tracking; spectrum; stability,,"Excite then remove input, measure steady self oscillation. VCA note-off is checked separately in Release. Nominal cutoff region 1000 Hz, verified by measurement. A second qualified emulation is a cross-check, not a pooled target."
F4C,Filters,Self oscillation / high,Expansion 48,Development,Surge Type 2 / qualified path,,Frequency tracking; spectrum; stability,,"Excite then remove input, measure steady self oscillation. VCA note-off is checked separately in Release. Nominal cutoff region 4000 Hz, verified by measurement. A second qualified emulation is a cross-check, not a pooled target."
F4D,Filters,Self oscillation / new setting,Expansion 48,Development,Surge Type 2 / qualified path,,Frequency tracking; spectrum; stability,,"Excite then remove input, measure steady self oscillation. VCA note-off is checked separately in Release. Nominal cutoff region 1500 Hz, verified by measurement. A second qualified emulation is a cross-check, not a pooled target."
F5A,Filters,Cutoff motion / low,First 32,Development,Surge Type 2 / qualified path,,Tracking; modulation sidebands; stepping,,"Identical held input with slow and fast cutoff trajectories; pin host automation block size. Nominal cutoff region 250 Hz, verified by measurement. A second qualified emulation is a cross-check, not a pooled target."
F5B,Filters,Cutoff motion / mid,Expansion 48,Development,Surge Type 2 / qualified path,,Tracking; modulation sidebands; stepping,,"Identical held input with slow and fast cutoff trajectories; pin host automation block size. Nominal cutoff region 1000 Hz, verified by measurement. A second qualified emulation is a cross-check, not a pooled target."
F5C,Filters,Cutoff motion / high,Expansion 48,Development,Surge Type 2 / qualified path,,Tracking; modulation sidebands; stepping,,"Identical held input with slow and fast cutoff trajectories; pin host automation block size. Nominal cutoff region 4000 Hz, verified by measurement. A second qualified emulation is a cross-check, not a pooled target."
F5D,Filters,Cutoff motion / new setting,Holdout 20,Holdout,Surge Type 2 / qualified path,,Tracking; modulation sidebands; stepping,,Seal an unseen cutoff/resonance/drive trajectory. Use the calibrated mapping unchanged.
F6A,Filters,Audio-rate modulation / low,Expansion 48,Development,Surge Type 2 / qualified path,,Sidebands; foldback; stability,,"Identical modulated stimulus/control trace where the reference supports it; pin modulation rate and depth. Nominal cutoff region 250 Hz, verified by measurement. A second qualified emulation is a cross-check, not a pooled target."
F6B,Filters,Audio-rate modulation / mid,Expansion 48,Development,Surge Type 2 / qualified path,,Sidebands; foldback; stability,,"Identical modulated stimulus/control trace where the reference supports it; pin modulation rate and depth. Nominal cutoff region 1000 Hz, verified by measurement. A second qualified emulation is a cross-check, not a pooled target."
F6C,Filters,Audio-rate modulation / high,Expansion 48,Development,Surge Type 2 / qualified path,,Sidebands; foldback; stability,,"Identical modulated stimulus/control trace where the reference supports it; pin modulation rate and depth. Nominal cutoff region 4000 Hz, verified by measurement. A second qualified emulation is a cross-check, not a pooled target."
F6D,Filters,Audio-rate modulation / new setting,Expansion 48,Development,Surge Type 2 / qualified path,,Sidebands; foldback; stability,,"Identical modulated stimulus/control trace where the reference supports it; pin modulation rate and depth. Nominal cutoff region 1500 Hz, verified by measurement. A second qualified emulation is a cross-check, not a pooled target."
E1A,Ensemble,Bass and kit / sparse,First 32,Development,Qualified mono and drum stems,,Event timing; bus balance; output artifacts,,"Mono bass with all available 808 parts, including accents and hat choke. Two bars at 124 BPM plus full release; sparse arrangement. No mastering limiter. Preserve per-bus stems and raw final output."
E1B,Ensemble,Bass and kit / dense,First 32,Development,Qualified mono and drum stems,,Event timing; bus balance; output artifacts,,"Mono bass with all available 808 parts, including accents and hat choke. Two bars at 124 BPM plus full release; dense arrangement and coincident hits. No mastering limiter. Preserve per-bus stems and raw final output."
E1C,Ensemble,Bass and kit / live controls,Expansion 48,Development,Qualified mono and drum stems,,Event timing; bus balance; output artifacts,,"Mono bass with all available 808 parts, including accents and hat choke. Two bars at 124 BPM plus full release; cutoff/resonance performance. No mastering limiter. Preserve per-bus stems and raw final output."
E1D,Ensemble,Bass and kit / new phrase,Holdout 20,Holdout,Qualified mono and drum stems,,Event timing; bus balance; output artifacts,,Reserve an unseen phrase and interaction pattern. Render reference stems with the same event schedule and declared mix gains.
E2A,Ensemble,Lead and kit / sparse,First 32,Development,Qualified mono and drum stems,,Event timing; bus balance; output artifacts,,"Legato lead over a drum groove, with note releases and an exposed snare. Two bars at 124 BPM plus full release; sparse arrangement. No mastering limiter. Preserve per-bus stems and raw final output."
E2B,Ensemble,Lead and kit / dense,Expansion 48,Development,Qualified mono and drum stems,,Event timing; bus balance; output artifacts,,"Legato lead over a drum groove, with note releases and an exposed snare. Two bars at 124 BPM plus full release; dense arrangement and coincident hits. No mastering limiter. Preserve per-bus stems and raw final output."
E2C,Ensemble,Lead and kit / live controls,Expansion 48,Development,Qualified mono and drum stems,,Event timing; bus balance; output artifacts,,"Legato lead over a drum groove, with note releases and an exposed snare. Two bars at 124 BPM plus full release; cutoff/resonance performance. No mastering limiter. Preserve per-bus stems and raw final output."
E2D,Ensemble,Lead and kit / new phrase,Holdout 20,Holdout,Qualified mono and drum stems,,Event timing; bus balance; output artifacts,,Reserve an unseen phrase and interaction pattern. Render reference stems with the same event schedule and declared mix gains.
E3A,Ensemble,Noise / modulation and kit / sparse,First 32,Development,Qualified mono and drum stems,,Event timing; bus balance; output artifacts,,"Noise or oscillator-3 effects over a groove, then an abrupt all-notes-off. Two bars at 124 BPM plus full release; sparse arrangement. No mastering limiter. Preserve per-bus stems and raw final output."
E3B,Ensemble,Noise / modulation and kit / dense,Expansion 48,Development,Qualified mono and drum stems,,Event timing; bus balance; output artifacts,,"Noise or oscillator-3 effects over a groove, then an abrupt all-notes-off. Two bars at 124 BPM plus full release; dense arrangement and coincident hits. No mastering limiter. Preserve per-bus stems and raw final output."
E3C,Ensemble,Noise / modulation and kit / live controls,Holdout 20,Holdout,Qualified mono and drum stems,,Event timing; bus balance; output artifacts,,Reserve an unseen phrase and interaction pattern. Render reference stems with the same event schedule and declared mix gains.
E3D,Ensemble,Noise / modulation and kit / new phrase,Holdout 20,Holdout,Qualified mono and drum stems,,Event timing; bus balance; output artifacts,,Reserve an unseen phrase and interaction pattern. Render reference stems with the same event schedule and declared mix gains.
