when,sha,tests,verifiers,controls,rtl,docs
2026-09-17T23:05:27+00:00,1680454,6,0,0,200,1
2026-09-18T03:03:00+00:00,ae87d15,21,0,0,426,4
2026-09-18T07:05:51+00:00,b9930a4,51,2,17,1841,13
2026-09-18T09:17:50+00:00,5a041de,188,4,26,3027,17
2026-09-18T14:16:25+00:00,2c7e3b5,244,7,62,4366,26
2026-09-18T17:42:24+00:00,c50b807,259,7,66,4645,31
2026-09-18T19:04:21+00:00,0faba3e,296,7,67,4645,34
2026-09-18T20:06:26+00:00,0d8a763,334,7,74,4877,47
2026-09-18T21:00:03+00:00,217bd4e,395,7,76,4960,48
2026-09-18T21:35:02+00:00,64e96ce,441,7,82,4960,49
2026-09-18T22:19:03+00:00,93c0c41,485,7,82,4960,51
2026-09-18T23:24:12+00:00,ba14af2,519,7,82,4960,52
2026-09-19T00:17:11+00:00,f4943fd,550,7,82,4960,53
2026-09-19T01:22:07+00:00,6347d45,569,7,82,4960,55
2026-09-19T02:14:18+00:00,fa26201,617,7,82,4960,56
2026-09-19T14:48:02+00:00,d9f23e3,636,7,82,4960,58
2026-09-20T00:00:04+00:00,9c9fe1d,644,7,82,5055,60
2026-09-20T00:28:44+00:00,a4cd9d6,645,7,82,5247,60
2026-09-20T04:15:39+00:00,e837dbf,646,7,82,5335,60
2026-09-20T10:26:54+00:00,5b523ed,658,7,82,5425,61
2026-09-20T19:39:53+00:00,bf83339,670,7,83,5425,61
2026-09-20T21:45:21+00:00,595c3dd,676,7,83,5425,64
2026-09-20T23:32:55+00:00,87eb775,699,7,83,5425,65
2026-09-21T00:15:53+00:00,f363405,700,7,83,5425,66
2026-09-21T02:46:44+00:00,b69ba09,709,7,88,5729,66
2026-09-21T05:43:31+00:00,9ba3fe9,714,7,88,5746,68
2026-09-21T06:47:22+00:00,36137df,721,7,88,5746,73
2026-09-21T10:03:19+00:00,02da503,731,7,88,5746,75
2026-09-21T16:26:08+00:00,4a3f6ff,737,7,88,5746,75
2026-09-21T17:00:59+00:00,d506201,741,7,88,5746,75
2026-09-21T20:54:08+00:00,9f710b7,737,7,88,5746,75
2026-09-21T20:59:26+00:00,4fca147,748,7,90,5783,77
2026-09-21T21:12:19+00:00,4ea837e,742,7,88,5746,76
2026-09-21T21:40:15+00:00,69ca223,750,7,90,5783,77
2026-09-21T22:09:50+00:00,3ac3e71,752,7,90,5788,77
2026-09-21T22:52:18+00:00,127835f,749,7,88,5746,76
2026-09-21T23:21:02+00:00,c63b073,745,7,88,5746,76
2026-09-22T00:20:29+00:00,e71382a,756,7,90,5788,79
2026-09-22T00:34:57+00:00,ada47b2,764,7,90,5788,81
2026-09-22T04:51:48+00:00,9b09cdc,766,7,90,5859,81
2026-09-22T05:55:25+00:00,270b0af,766,7,90,8324,81
2026-09-22T07:55:00+00:00,c84ceee,766,7,90,6716,81
2026-09-22T17:02:49+00:00,96451a3,785,7,90,8324,81
2026-09-22T18:36:10+00:00,db86c13,766,7,90,6716,81
2026-09-23T00:29:46+00:00,6f0c639,766,7,90,6716,82
2026-09-23T10:38:25+00:00,62392bd,785,7,90,9181,82
2026-09-24T00:10:21+00:00,7a4079a,766,7,90,5788,81
2026-09-24T09:00:53+00:00,6fab113,790,7,90,9181,83
2026-09-24T13:00:29+00:00,9442662,788,7,90,9181,82
2026-09-24T18:52:33+00:00,ecdc50e,790,7,90,9181,83
2026-09-24T21:33:16+00:00,3fa089b,788,7,90,9181,82
2026-09-24T22:32:58+00:00,981ee88,790,7,90,9181,83
2026-09-25T03:47:02+00:00,1922a20,800,7,90,9181,84
2026-09-25T07:33:19+00:00,9430d53,807,7,90,9181,84
2026-09-25T08:51:30+00:00,cb62ee5,807,7,90,9181,84
2026-09-25T12:26:09+00:00,bfcd0f3,833,7,90,9181,85
2026-09-25T13:16:22+00:00,b64cae5,844,7,90,9181,87
2026-09-25T14:29:02+00:00,f5c54fb,862,7,90,9181,88
2026-09-25T16:31:46+00:00,fda3810,870,7,95,9181,88
2026-09-25T18:41:24+00:00,e17eb87,887,7,100,9181,90
2026-09-25T20:55:54+00:00,6a4f99a,903,7,97,9181,90
2026-09-25T21:46:02+00:00,aeb9d55,929,7,102,9181,92
2026-09-25T22:56:28+00:00,0009086,930,7,104,9181,93
2026-09-26T01:57:55+00:00,a461872,940,7,104,9181,94
2026-09-26T02:26:43+00:00,92d826e,972,7,104,9181,95
2026-09-26T02:57:09+00:00,99f78ab,972,7,104,9181,96
2026-09-26T03:50:10+00:00,215ca35,977,7,104,9181,96
2026-09-26T05:16:29+00:00,463a36b,981,7,104,9181,96
2026-09-26T06:51:11+00:00,ff278e2,988,7,104,9181,97
2026-09-26T07:47:52+00:00,4059834,988,7,104,9181,97
2026-09-26T08:46:36+00:00,d396964,1084,8,133,9386,100
2026-09-26T09:26:25+00:00,1cd1fb1,1091,8,133,9386,101
2026-09-26T11:09:03+00:00,a081d26,1127,8,133,9386,102
2026-09-26T11:46:45+00:00,e553809,1127,8,133,9386,101
2026-09-26T09:34:17+00:00,daeb12b,1140,8,134,9437,103
2026-09-26T13:49:35+00:00,0d1cb38,1195,8,141,9460,103
2026-09-26T14:03:23+00:00,0939a1f,1211,8,141,9509,104
2026-09-26T15:15:05+00:00,abfb95b,1241,8,147,9460,103
2026-09-26T16:25:20+00:00,5e085b5,1244,8,148,9460,104
2026-09-26T18:00:41+00:00,03decc3,1261,8,148,9509,106
2026-09-26T18:22:55+00:00,30ebe75,1262,8,149,9511,105
2026-09-26T19:11:19+00:00,b032983,1281,8,152,9560,107
2026-09-26T19:13:05+00:00,d9f1b37,1306,8,149,9560,108
2026-09-26T20:47:55+00:00,981f936,1281,8,152,9560,107
2026-09-26T22:02:30+00:00,cb29c90,1317,8,149,9560,108
2026-09-26T22:30:44+00:00,99637db,1304,8,152,9560,107
2026-09-26T22:47:26+00:00,8f6db97,1292,8,152,9560,108
2026-09-26T23:29:04+00:00,e24903a,1287,8,149,9575,108
2026-09-26T23:49:31+00:00,50af9b2,1378,8,155,9560,111
2026-09-27T00:10:34+00:00,e0dd329,1378,8,155,9560,111
2026-09-27T00:22:38+00:00,4baa57b,1459,8,165,9769,113
2026-09-27T01:04:43+00:00,e4b5079,1465,8,177,9769,113
2026-09-27T01:28:19+00:00,5abbdc9,1465,8,177,9769,113
2026-09-27T02:01:06+00:00,69c1403,1483,8,177,9769,114
2026-09-27T02:32:00+00:00,5c5eb86,1500,8,188,9916,114
2026-09-27T02:52:22+00:00,c116ed4,1500,8,188,9923,114
2026-09-27T01:34:15+00:00,799ecfe,1548,8,188,9923,115
2026-09-27T05:18:52+00:00,acaccff,1548,8,188,9923,116
2026-09-27T06:03:05+00:00,432267c,1553,8,188,9923,116
2026-09-27T06:30:59+00:00,64b66a3,1548,8,193,9923,117
2026-09-27T06:42:44+00:00,d30dc04,1553,8,188,9923,116
2026-09-27T07:05:16+00:00,7dc76c1,1573,8,188,9923,116
2026-09-27T07:09:16+00:00,1a0e16b,1555,8,188,9923,116
2026-09-27T02:46:37+00:00,1f5f805,1555,8,188,9923,116
2026-09-27T07:21:18+00:00,b2d3439,1548,8,193,9923,117
2026-09-27T07:24:43+00:00,d18c696,1573,8,188,9923,116
2026-09-27T03:59:54+00:00,cc4300b,1574,8,189,9923,119
2026-09-27T07:31:05+00:00,b1e22e9,1573,8,188,9923,116
2026-09-27T07:41:13+00:00,0d794d4,1573,8,188,9923,116
2026-09-27T07:57:04+00:00,9fd475a,1573,8,188,9923,116
2026-09-27T08:35:10+00:00,012764e,1573,8,193,9923,117
2026-09-27T08:55:55+00:00,5c27d2c,1577,8,193,9923,117
2026-09-27T03:16:45+00:00,6e8e44f,1582,8,193,9923,117
2026-09-27T09:07:44+00:00,7df82c5,1583,8,193,9923,117
2026-09-27T04:48:43+00:00,5dd57ce,1615,8,194,9923,122
2026-09-27T05:00:05+00:00,f9c9365,1616,8,194,9923,122
2026-09-27T09:51:22+00:00,fe64d3f,1611,8,194,9923,123
2026-09-27T10:04:48+00:00,2ed7baa,1585,8,193,9923,118
2026-09-27T11:47:49+00:00,2c4ec4a,1624,8,194,9942,126
2026-09-27T08:29:06+00:00,22f638f,1624,8,194,9942,126
2026-09-27T12:56:26+00:00,45f801f,1625,8,194,9942,127
2026-09-27T13:57:38+00:00,7610592,1631,8,194,9942,127
2026-09-27T14:57:35+00:00,fca6f7f,1651,8,194,9942,128
2026-09-27T16:28:09+00:00,d947080,1658,8,194,9942,127
2026-09-27T18:08:47+00:00,552eae0,1678,8,194,9942,128
2026-09-27T19:11:52+00:00,49df024,1735,8,194,9942,130
2026-09-27T19:57:35+00:00,8089af6,1755,8,194,9942,130
2026-09-27T22:11:21+00:00,639fd62,1755,8,194,9942,131
2026-09-27T20:05:59+00:00,514c729,1756,8,194,9942,131
2026-09-28T01:02:34+00:00,2173356,1761,8,194,9942,131
2026-09-28T01:56:23+00:00,cf2741e,1789,8,194,9942,132
2026-09-28T01:14:45+00:00,0929d90,1763,8,194,9942,131
2026-09-28T02:54:47+00:00,cdff9ba,1791,8,194,9942,132
2026-09-28T02:08:41+00:00,6cfe11c,1783,8,194,9942,132
2026-09-28T03:40:57+00:00,f3797ad,1786,8,194,9942,132
2026-09-28T04:22:44+00:00,5dbec42,1887,8,194,9942,134
2026-09-28T05:46:27+00:00,315465f,1923,8,194,9942,135
2026-09-28T08:02:24+00:00,980e593,1958,8,194,9942,136
2026-09-28T09:25:43+00:00,5f9fba0,1958,8,194,9942,136
2026-09-28T10:47:09+00:00,b23e542,2017,8,194,9942,137
2026-09-28T11:50:59+00:00,e58f1f9,2028,8,194,9942,138
2026-09-28T12:44:26+00:00,f0b23a0,2077,8,194,9942,139
2026-09-28T11:27:21+00:00,9653c34,2125,8,194,9942,140
2026-09-28T14:13:56+00:00,a224050,2097,8,196,9942,139
2026-09-28T16:22:48+00:00,811cafa,2097,8,196,9942,139
2026-09-28T18:44:13+00:00,b87fdf1,2124,8,196,9942,139
2026-09-28T20:04:44+00:00,e8cabde,2138,8,196,9942,139
2026-09-28T20:55:22+00:00,c7ebedd,2138,8,196,9942,139
2026-09-28T21:44:23+00:00,aec6e2e,2152,8,196,9942,139
2026-09-28T23:31:25+00:00,795d11c,2152,8,196,9942,139
2026-09-28T23:13:02+00:00,d4c89f0,2152,8,196,9942,139
2026-09-29T02:06:38+00:00,34cf2f5,2195,8,197,9942,140
2026-09-29T03:20:15+00:00,2df1ff3,2219,8,197,10208,140
2026-09-29T07:15:17+00:00,7fe0639,2230,8,197,10208,140
2026-09-29T02:59:03+00:00,291122c,2219,8,197,10208,140
2026-09-29T10:20:42+00:00,9b14992,2230,8,197,10208,140
2026-09-21T23:13:27+00:00,24c6dcc,2230,8,197,10224,140
2026-09-29T20:55:21+00:00,ef79003,2230,8,197,10224,140
2026-09-30T01:03:53+00:00,454b5df,2230,8,197,10224,140
2026-09-30T02:29:21+00:00,2d0e513,2230,8,197,10224,140
2026-09-30T05:47:13+00:00,4466505,2265,8,197,11086,142
2026-09-30T08:31:59+00:00,5528253,2353,8,198,11086,143
2026-09-30T13:33:40+00:00,fbe3f20,2372,8,198,11086,144
2026-09-30T15:42:08+00:00,2431948,2372,8,198,11086,144
2026-09-30T18:10:14+00:00,292dc9a,2381,8,198,11086,144
2026-09-30T19:34:19+00:00,966cb23,2397,8,198,11086,144
